{"train/loss": 0.6414, "train/learning_rate": 0.0, "train/epoch": 17.02, "train/global_step": 1000, "_timestamp": 1714516236.238978, "_runtime": 6590.611538887024, "_step": 40, "eval/loss": 1.2842378616333008, "eval/runtime": 11.6217, "eval/samples_per_second": 20.135, "eval/steps_per_second": 1.291, "train/train_runtime": 6031.7671, "train/train_samples_per_second": 5.305, "train/train_steps_per_second": 0.166, "train/total_flos": 6.988615569679319e+17, "train/train_loss": 0.8426206741333008}